<annotation>
	<folder>label-aglonema</folder>
	<filename>1.jpeg</filename>
	<path>/label-aglonema/1.jpeg</path>
	<source>
		<database>Unspecified</database>
	</source>
	<size>
		<width>1152</width>
		<height>675</height>
		<depth>3</depth>
	</size>
	<object>
		<name>Aglonema</name>
		<pose>Unspecified</pose>
		<truncated>Unspecified</truncated>
		<difficult>Unspecified</difficult>
		<bndbox>
			<xmin>129</xmin>
			<ymin>33</ymin>
			<xmax>1101</xmax>
			<ymax>646</ymax>
		</bndbox>
	</object>
</annotation>