<annotation>
	<folder>label-aglonema</folder>
	<filename>10.jpeg</filename>
	<path>/label-aglonema/10.jpeg</path>
	<source>
		<database>Unspecified</database>
	</source>
	<size>
		<width>700</width>
		<height>700</height>
		<depth>3</depth>
	</size>
	<object>
		<name>Aglonema</name>
		<pose>Unspecified</pose>
		<truncated>Unspecified</truncated>
		<difficult>Unspecified</difficult>
		<bndbox>
			<xmin>97</xmin>
			<ymin>69</ymin>
			<xmax>656</xmax>
			<ymax>671</ymax>
		</bndbox>
	</object>
</annotation>