<annotation>
	<folder>label-aglonema</folder>
	<filename>102.jpeg</filename>
	<path>/label-aglonema/102.jpeg</path>
	<source>
		<database>Unspecified</database>
	</source>
	<size>
		<width>1840</width>
		<height>4000</height>
		<depth>3</depth>
	</size>
	<object>
		<name>Aglonema</name>
		<pose>Unspecified</pose>
		<truncated>Unspecified</truncated>
		<difficult>Unspecified</difficult>
		<bndbox>
			<xmin>169</xmin>
			<ymin>156</ymin>
			<xmax>1840</xmax>
			<ymax>2645</ymax>
		</bndbox>
	</object>
</annotation>