<annotation>
	<folder>label-aglonema</folder>
	<filename>104.jpeg</filename>
	<path>/label-aglonema/104.jpeg</path>
	<source>
		<database>Unspecified</database>
	</source>
	<size>
		<width>1840</width>
		<height>4000</height>
		<depth>3</depth>
	</size>
	<object>
		<name>Aglonema</name>
		<pose>Unspecified</pose>
		<truncated>Unspecified</truncated>
		<difficult>Unspecified</difficult>
		<bndbox>
			<xmin>105</xmin>
			<ymin>778</ymin>
			<xmax>1780</xmax>
			<ymax>2535</ymax>
		</bndbox>
	</object>
	<object>
		<name>Aglonema</name>
		<pose>Unspecified</pose>
		<truncated>Unspecified</truncated>
		<difficult>Unspecified</difficult>
		<bndbox>
			<xmin>307</xmin>
			<ymin>2398</ymin>
			<xmax>1799</xmax>
			<ymax>3982</ymax>
		</bndbox>
	</object>
</annotation>