<annotation>
	<folder>label-aglonema</folder>
	<filename>105.jpeg</filename>
	<path>/label-aglonema/105.jpeg</path>
	<source>
		<database>Unspecified</database>
	</source>
	<size>
		<width>1840</width>
		<height>4000</height>
		<depth>3</depth>
	</size>
	<object>
		<name>Aglonema</name>
		<pose>Unspecified</pose>
		<truncated>Unspecified</truncated>
		<difficult>Unspecified</difficult>
		<bndbox>
			<xmin>160</xmin>
			<ymin>174</ymin>
			<xmax>1790</xmax>
			<ymax>3140</ymax>
		</bndbox>
	</object>
	<object>
		<name>Aglonema</name>
		<pose>Unspecified</pose>
		<truncated>Unspecified</truncated>
		<difficult>Unspecified</difficult>
		<bndbox>
			<xmin>78</xmin>
			<ymin>2810</ymin>
			<xmax>1149</xmax>
			<ymax>4000</ymax>
		</bndbox>
	</object>
</annotation>