<annotation>
	<folder>label-aglonema</folder>
	<filename>107.jpeg</filename>
	<path>/label-aglonema/107.jpeg</path>
	<source>
		<database>Unspecified</database>
	</source>
	<size>
		<width>1840</width>
		<height>4000</height>
		<depth>3</depth>
	</size>
	<object>
		<name>Aglonema</name>
		<pose>Unspecified</pose>
		<truncated>Unspecified</truncated>
		<difficult>Unspecified</difficult>
		<bndbox>
			<xmin>32</xmin>
			<ymin>1062</ymin>
			<xmax>1835</xmax>
			<ymax>2709</ymax>
		</bndbox>
	</object>
</annotation>