<annotation>
	<folder>label-aglonema</folder>
	<filename>109.jpeg</filename>
	<path>/label-aglonema/109.jpeg</path>
	<source>
		<database>Unspecified</database>
	</source>
	<size>
		<width>1840</width>
		<height>4000</height>
		<depth>3</depth>
	</size>
	<object>
		<name>Aglonema</name>
		<pose>Unspecified</pose>
		<truncated>Unspecified</truncated>
		<difficult>Unspecified</difficult>
		<bndbox>
			<xmin>938</xmin>
			<ymin>37</ymin>
			<xmax>1840</xmax>
			<ymax>1400</ymax>
		</bndbox>
	</object>
	<object>
		<name>Aglonema</name>
		<pose>Unspecified</pose>
		<truncated>Unspecified</truncated>
		<difficult>Unspecified</difficult>
		<bndbox>
			<xmin>362</xmin>
			<ymin>1657</ymin>
			<xmax>1744</xmax>
			<ymax>2764</ymax>
		</bndbox>
	</object>
	<object>
		<name>Aglonema</name>
		<pose>Unspecified</pose>
		<truncated>Unspecified</truncated>
		<difficult>Unspecified</difficult>
		<bndbox>
			<xmin>23</xmin>
			<ymin>2920</ymin>
			<xmax>874</xmax>
			<ymax>3899</ymax>
		</bndbox>
	</object>
</annotation>