<annotation>
	<folder>label-aglonema</folder>
	<filename>11.jpeg</filename>
	<path>/label-aglonema/11.jpeg</path>
	<source>
		<database>Unspecified</database>
	</source>
	<size>
		<width>1000</width>
		<height>774</height>
		<depth>3</depth>
	</size>
	<object>
		<name>Aglonema</name>
		<pose>Unspecified</pose>
		<truncated>Unspecified</truncated>
		<difficult>Unspecified</difficult>
		<bndbox>
			<xmin>57</xmin>
			<ymin>104</ymin>
			<xmax>968</xmax>
			<ymax>645</ymax>
		</bndbox>
	</object>
</annotation>