<annotation>
	<folder>label-aglonema</folder>
	<filename>110.jpeg</filename>
	<path>/label-aglonema/110.jpeg</path>
	<source>
		<database>Unspecified</database>
	</source>
	<size>
		<width>1840</width>
		<height>4000</height>
		<depth>3</depth>
	</size>
	<object>
		<name>Aglonema</name>
		<pose>Unspecified</pose>
		<truncated>Unspecified</truncated>
		<difficult>Unspecified</difficult>
		<bndbox>
			<xmin>224</xmin>
			<ymin>595</ymin>
			<xmax>1840</xmax>
			<ymax>2682</ymax>
		</bndbox>
	</object>
	<object>
		<name>Aglonema</name>
		<pose>Unspecified</pose>
		<truncated>Unspecified</truncated>
		<difficult>Unspecified</difficult>
		<bndbox>
			<xmin>709</xmin>
			<ymin>46</ymin>
			<xmax>1460</xmax>
			<ymax>714</ymax>
		</bndbox>
	</object>
	<object>
		<name>Aglonema</name>
		<pose>Unspecified</pose>
		<truncated>Unspecified</truncated>
		<difficult>Unspecified</difficult>
		<bndbox>
			<xmin>23</xmin>
			<ymin>2343</ymin>
			<xmax>1286</xmax>
			<ymax>4000</ymax>
		</bndbox>
	</object>
</annotation>