<annotation>
	<folder>label-aglonema</folder>
	<filename>113.jpeg</filename>
	<path>/label-aglonema/113.jpeg</path>
	<source>
		<database>Unspecified</database>
	</source>
	<size>
		<width>4000</width>
		<height>1840</height>
		<depth>3</depth>
	</size>
	<object>
		<name>Aglonema</name>
		<pose>Unspecified</pose>
		<truncated>Unspecified</truncated>
		<difficult>Unspecified</difficult>
		<bndbox>
			<xmin>1440</xmin>
			<ymin>221</ymin>
			<xmax>3540</xmax>
			<ymax>1430</ymax>
		</bndbox>
	</object>
</annotation>