<annotation>
	<folder>label-aglonema</folder>
	<filename>115.jpeg</filename>
	<path>/label-aglonema/115.jpeg</path>
	<source>
		<database>Unspecified</database>
	</source>
	<size>
		<width>4000</width>
		<height>1840</height>
		<depth>3</depth>
	</size>
	<object>
		<name>Aglonema</name>
		<pose>Unspecified</pose>
		<truncated>Unspecified</truncated>
		<difficult>Unspecified</difficult>
		<bndbox>
			<xmin>1670</xmin>
			<ymin>162</ymin>
			<xmax>3310</xmax>
			<ymax>1537</ymax>
		</bndbox>
	</object>
</annotation>