<annotation>
	<folder>label-aglonema</folder>
	<filename>12.jpeg</filename>
	<path>/label-aglonema/12.jpeg</path>
	<source>
		<database>Unspecified</database>
	</source>
	<size>
		<width>696</width>
		<height>695</height>
		<depth>3</depth>
	</size>
	<object>
		<name>Aglonema</name>
		<pose>Unspecified</pose>
		<truncated>Unspecified</truncated>
		<difficult>Unspecified</difficult>
		<bndbox>
			<xmin>27</xmin>
			<ymin>17</ymin>
			<xmax>666</xmax>
			<ymax>671</ymax>
		</bndbox>
	</object>
</annotation>