<annotation>
	<folder>label-aglonema</folder>
	<filename>122.jpeg</filename>
	<path>/label-aglonema/122.jpeg</path>
	<source>
		<database>Unspecified</database>
	</source>
	<size>
		<width>1840</width>
		<height>4000</height>
		<depth>3</depth>
	</size>
	<object>
		<name>Aglonema</name>
		<pose>Unspecified</pose>
		<truncated>Unspecified</truncated>
		<difficult>Unspecified</difficult>
		<bndbox>
			<xmin>947</xmin>
			<ymin>101</ymin>
			<xmax>1840</xmax>
			<ymax>970</ymax>
		</bndbox>
	</object>
	<object>
		<name>Aglonema</name>
		<pose>Unspecified</pose>
		<truncated>Unspecified</truncated>
		<difficult>Unspecified</difficult>
		<bndbox>
			<xmin>554</xmin>
			<ymin>1419</ymin>
			<xmax>1840</xmax>
			<ymax>3991</ymax>
		</bndbox>
	</object>
	<object>
		<name>Aglonema</name>
		<pose>Unspecified</pose>
		<truncated>Unspecified</truncated>
		<difficult>Unspecified</difficult>
		<bndbox>
			<xmin>60</xmin>
			<ymin>1574</ymin>
			<xmax>453</xmax>
			<ymax>2746</ymax>
		</bndbox>
	</object>
</annotation>