<annotation>
	<folder>label-aglonema</folder>
	<filename>125.jpeg</filename>
	<path>/label-aglonema/125.jpeg</path>
	<source>
		<database>Unspecified</database>
	</source>
	<size>
		<width>1840</width>
		<height>4000</height>
		<depth>3</depth>
	</size>
	<object>
		<name>Aglonema</name>
		<pose>Unspecified</pose>
		<truncated>Unspecified</truncated>
		<difficult>Unspecified</difficult>
		<bndbox>
			<xmin>234</xmin>
			<ymin>897</ymin>
			<xmax>1840</xmax>
			<ymax>2920</ymax>
		</bndbox>
	</object>
	<object>
		<name>Aglonema</name>
		<pose>Unspecified</pose>
		<truncated>Unspecified</truncated>
		<difficult>Unspecified</difficult>
		<bndbox>
			<xmin>32</xmin>
			<ymin>293</ymin>
			<xmax>481</xmax>
			<ymax>1794</ymax>
		</bndbox>
	</object>
</annotation>