<annotation>
	<folder>label-aglonema</folder>
	<filename>129.jpeg</filename>
	<path>/label-aglonema/129.jpeg</path>
	<source>
		<database>Unspecified</database>
	</source>
	<size>
		<width>1840</width>
		<height>4000</height>
		<depth>3</depth>
	</size>
	<object>
		<name>Aglonema</name>
		<pose>Unspecified</pose>
		<truncated>Unspecified</truncated>
		<difficult>Unspecified</difficult>
		<bndbox>
			<xmin>105</xmin>
			<ymin>366</ymin>
			<xmax>1735</xmax>
			<ymax>2883</ymax>
		</bndbox>
	</object>
	<object>
		<name>Aglonema</name>
		<pose>Unspecified</pose>
		<truncated>Unspecified</truncated>
		<difficult>Unspecified</difficult>
		<bndbox>
			<xmin>32</xmin>
			<ymin>2352</ymin>
			<xmax>865</xmax>
			<ymax>3744</ymax>
		</bndbox>
	</object>
</annotation>