<annotation>
	<folder>label-aglonema</folder>
	<filename>130.jpeg</filename>
	<path>/label-aglonema/130.jpeg</path>
	<source>
		<database>Unspecified</database>
	</source>
	<size>
		<width>4000</width>
		<height>1840</height>
		<depth>3</depth>
	</size>
	<object>
		<name>Aglonema</name>
		<pose>Unspecified</pose>
		<truncated>Unspecified</truncated>
		<difficult>Unspecified</difficult>
		<bndbox>
			<xmin>407</xmin>
			<ymin>109</ymin>
			<xmax>2867</xmax>
			<ymax>1478</ymax>
		</bndbox>
	</object>
	<object>
		<name>Aglonema</name>
		<pose>Unspecified</pose>
		<truncated>Unspecified</truncated>
		<difficult>Unspecified</difficult>
		<bndbox>
			<xmin>2608</xmin>
			<ymin>38</ymin>
			<xmax>4000</xmax>
			<ymax>1702</ymax>
		</bndbox>
	</object>
	<object>
		<name>Aglonema</name>
		<pose>Unspecified</pose>
		<truncated>Unspecified</truncated>
		<difficult>Unspecified</difficult>
		<bndbox>
			<xmin>35</xmin>
			<ymin>911</ymin>
			<xmax>360</xmax>
			<ymax>1548</ymax>
		</bndbox>
	</object>
</annotation>