<annotation>
	<folder>label-aglonema</folder>
	<filename>134.jpeg</filename>
	<path>/label-aglonema/134.jpeg</path>
	<source>
		<database>Unspecified</database>
	</source>
	<size>
		<width>4000</width>
		<height>1840</height>
		<depth>3</depth>
	</size>
	<object>
		<name>Aglonema</name>
		<pose>Unspecified</pose>
		<truncated>Unspecified</truncated>
		<difficult>Unspecified</difficult>
		<bndbox>
			<xmin>997</xmin>
			<ymin>604</ymin>
			<xmax>3534</xmax>
			<ymax>1531</ymax>
		</bndbox>
	</object>
</annotation>