<annotation>
	<folder>label-aglonema</folder>
	<filename>140.jpeg</filename>
	<path>/label-aglonema/140.jpeg</path>
	<source>
		<database>Unspecified</database>
	</source>
	<size>
		<width>1840</width>
		<height>4000</height>
		<depth>3</depth>
	</size>
	<object>
		<name>Aglonema</name>
		<pose>Unspecified</pose>
		<truncated>Unspecified</truncated>
		<difficult>Unspecified</difficult>
		<bndbox>
			<xmin>105</xmin>
			<ymin>375</ymin>
			<xmax>1735</xmax>
			<ymax>2645</ymax>
		</bndbox>
	</object>
	<object>
		<name>Aglonema</name>
		<pose>Unspecified</pose>
		<truncated>Unspecified</truncated>
		<difficult>Unspecified</difficult>
		<bndbox>
			<xmin>307</xmin>
			<ymin>2838</ymin>
			<xmax>1359</xmax>
			<ymax>3973</ymax>
		</bndbox>
	</object>
</annotation>