<annotation>
	<folder>label-aglonema</folder>
	<filename>142.jpeg</filename>
	<path>/label-aglonema/142.jpeg</path>
	<source>
		<database>Unspecified</database>
	</source>
	<size>
		<width>1840</width>
		<height>4000</height>
		<depth>3</depth>
	</size>
	<object>
		<name>Aglonema</name>
		<pose>Unspecified</pose>
		<truncated>Unspecified</truncated>
		<difficult>Unspecified</difficult>
		<bndbox>
			<xmin>96</xmin>
			<ymin>540</ymin>
			<xmax>1716</xmax>
			<ymax>2810</ymax>
		</bndbox>
	</object>
</annotation>