<annotation>
	<folder>label-aglonema</folder>
	<filename>143.jpeg</filename>
	<path>/label-aglonema/143.jpeg</path>
	<source>
		<database>Unspecified</database>
	</source>
	<size>
		<width>1840</width>
		<height>4000</height>
		<depth>3</depth>
	</size>
	<object>
		<name>Aglonema</name>
		<pose>Unspecified</pose>
		<truncated>Unspecified</truncated>
		<difficult>Unspecified</difficult>
		<bndbox>
			<xmin>224</xmin>
			<ymin>924</ymin>
			<xmax>1817</xmax>
			<ymax>2453</ymax>
		</bndbox>
	</object>
	<object>
		<name>Aglonema</name>
		<pose>Unspecified</pose>
		<truncated>Unspecified</truncated>
		<difficult>Unspecified</difficult>
		<bndbox>
			<xmin>380</xmin>
			<ymin>2874</ymin>
			<xmax>1671</xmax>
			<ymax>4000</ymax>
		</bndbox>
	</object>
</annotation>