<annotation>
	<folder>label-aglonema</folder>
	<filename>147.jpeg</filename>
	<path>/label-aglonema/147.jpeg</path>
	<source>
		<database>Unspecified</database>
	</source>
	<size>
		<width>4000</width>
		<height>1840</height>
		<depth>3</depth>
	</size>
	<object>
		<name>Aglonema</name>
		<pose>Unspecified</pose>
		<truncated>Unspecified</truncated>
		<difficult>Unspecified</difficult>
		<bndbox>
			<xmin>212</xmin>
			<ymin>121</ymin>
			<xmax>3015</xmax>
			<ymax>1743</ymax>
		</bndbox>
	</object>
</annotation>