<annotation>
	<folder>label-aglonema</folder>
	<filename>15.jpeg</filename>
	<path>/label-aglonema/15.jpeg</path>
	<source>
		<database>Unspecified</database>
	</source>
	<size>
		<width>744</width>
		<height>372</height>
		<depth>3</depth>
	</size>
	<object>
		<name>Aglonema</name>
		<pose>Unspecified</pose>
		<truncated>Unspecified</truncated>
		<difficult>Unspecified</difficult>
		<bndbox>
			<xmin>7</xmin>
			<ymin>10</ymin>
			<xmax>729</xmax>
			<ymax>347</ymax>
		</bndbox>
	</object>
</annotation>