<annotation>
	<folder>label-aglonema</folder>
	<filename>150.jpeg</filename>
	<path>/label-aglonema/150.jpeg</path>
	<source>
		<database>Unspecified</database>
	</source>
	<size>
		<width>1840</width>
		<height>4000</height>
		<depth>3</depth>
	</size>
	<object>
		<name>Aglonema</name>
		<pose>Unspecified</pose>
		<truncated>Unspecified</truncated>
		<difficult>Unspecified</difficult>
		<bndbox>
			<xmin>234</xmin>
			<ymin>1327</ymin>
			<xmax>1840</xmax>
			<ymax>3112</ymax>
		</bndbox>
	</object>
	<object>
		<name>Aglonema</name>
		<pose>Unspecified</pose>
		<truncated>Unspecified</truncated>
		<difficult>Unspecified</difficult>
		<bndbox>
			<xmin>801</xmin>
			<ymin>3204</ymin>
			<xmax>1840</xmax>
			<ymax>4000</ymax>
		</bndbox>
	</object>
</annotation>