<annotation>
	<folder>label-aglonema</folder>
	<filename>152.jpeg</filename>
	<path>/label-aglonema/152.jpeg</path>
	<source>
		<database>Unspecified</database>
	</source>
	<size>
		<width>1840</width>
		<height>4000</height>
		<depth>3</depth>
	</size>
	<object>
		<name>Aglonema</name>
		<pose>Unspecified</pose>
		<truncated>Unspecified</truncated>
		<difficult>Unspecified</difficult>
		<bndbox>
			<xmin>78</xmin>
			<ymin>18</ymin>
			<xmax>1707</xmax>
			<ymax>2526</ymax>
		</bndbox>
	</object>
	<object>
		<name>Aglonema</name>
		<pose>Unspecified</pose>
		<truncated>Unspecified</truncated>
		<difficult>Unspecified</difficult>
		<bndbox>
			<xmin>728</xmin>
			<ymin>2920</ymin>
			<xmax>1840</xmax>
			<ymax>4000</ymax>
		</bndbox>
	</object>
</annotation>