<annotation>
	<folder>label-aglonema</folder>
	<filename>157.jpeg</filename>
	<path>/label-aglonema/157.jpeg</path>
	<source>
		<database>Unspecified</database>
	</source>
	<size>
		<width>1840</width>
		<height>4000</height>
		<depth>3</depth>
	</size>
	<object>
		<name>Aglonema</name>
		<pose>Unspecified</pose>
		<truncated>Unspecified</truncated>
		<difficult>Unspecified</difficult>
		<bndbox>
			<xmin>243</xmin>
			<ymin>503</ymin>
			<xmax>1762</xmax>
			<ymax>2847</ymax>
		</bndbox>
	</object>
	<object>
		<name>Aglonema</name>
		<pose>Unspecified</pose>
		<truncated>Unspecified</truncated>
		<difficult>Unspecified</difficult>
		<bndbox>
			<xmin>252</xmin>
			<ymin>3057</ymin>
			<xmax>1661</xmax>
			<ymax>4000</ymax>
		</bndbox>
	</object>
</annotation>