<annotation>
	<folder>label-aglonema</folder>
	<filename>158.jpeg</filename>
	<path>/label-aglonema/158.jpeg</path>
	<source>
		<database>Unspecified</database>
	</source>
	<size>
		<width>1840</width>
		<height>4000</height>
		<depth>3</depth>
	</size>
	<object>
		<name>Aglonema</name>
		<pose>Unspecified</pose>
		<truncated>Unspecified</truncated>
		<difficult>Unspecified</difficult>
		<bndbox>
			<xmin>60</xmin>
			<ymin>595</ymin>
			<xmax>1753</xmax>
			<ymax>2444</ymax>
		</bndbox>
	</object>
	<object>
		<name>Aglonema</name>
		<pose>Unspecified</pose>
		<truncated>Unspecified</truncated>
		<difficult>Unspecified</difficult>
		<bndbox>
			<xmin>179</xmin>
			<ymin>2700</ymin>
			<xmax>1753</xmax>
			<ymax>4000</ymax>
		</bndbox>
	</object>
</annotation>