<annotation>
	<folder>label-aglonema</folder>
	<filename>159.jpeg</filename>
	<path>/label-aglonema/159.jpeg</path>
	<source>
		<database>Unspecified</database>
	</source>
	<size>
		<width>1840</width>
		<height>4000</height>
		<depth>3</depth>
	</size>
	<object>
		<name>Aglonema</name>
		<pose>Unspecified</pose>
		<truncated>Unspecified</truncated>
		<difficult>Unspecified</difficult>
		<bndbox>
			<xmin>151</xmin>
			<ymin>18</ymin>
			<xmax>1515</xmax>
			<ymax>751</ymax>
		</bndbox>
	</object>
	<object>
		<name>Aglonema</name>
		<pose>Unspecified</pose>
		<truncated>Unspecified</truncated>
		<difficult>Unspecified</difficult>
		<bndbox>
			<xmin>78</xmin>
			<ymin>586</ymin>
			<xmax>1661</xmax>
			<ymax>2297</ymax>
		</bndbox>
	</object>
</annotation>