<annotation>
	<folder>label-aglonema</folder>
	<filename>16.jpeg</filename>
	<path>/label-aglonema/16.jpeg</path>
	<source>
		<database>Unspecified</database>
	</source>
	<size>
		<width>512</width>
		<height>640</height>
		<depth>3</depth>
	</size>
	<object>
		<name>Aglonema</name>
		<pose>Unspecified</pose>
		<truncated>Unspecified</truncated>
		<difficult>Unspecified</difficult>
		<bndbox>
			<xmin>38</xmin>
			<ymin>189</ymin>
			<xmax>421</xmax>
			<ymax>479</ymax>
		</bndbox>
	</object>
</annotation>