<annotation>
	<folder>label-aglonema</folder>
	<filename>166.jpeg</filename>
	<path>/label-aglonema/166.jpeg</path>
	<source>
		<database>Unspecified</database>
	</source>
	<size>
		<width>1840</width>
		<height>4000</height>
		<depth>3</depth>
	</size>
	<object>
		<name>Aglonema</name>
		<pose>Unspecified</pose>
		<truncated>Unspecified</truncated>
		<difficult>Unspecified</difficult>
		<bndbox>
			<xmin>124</xmin>
			<ymin>1034</ymin>
			<xmax>1716</xmax>
			<ymax>2728</ymax>
		</bndbox>
	</object>
	<object>
		<name>Aglonema</name>
		<pose>Unspecified</pose>
		<truncated>Unspecified</truncated>
		<difficult>Unspecified</difficult>
		<bndbox>
			<xmin>133</xmin>
			<ymin>92</ymin>
			<xmax>1497</xmax>
			<ymax>686</ymax>
		</bndbox>
	</object>
</annotation>