<annotation>
	<folder>label-aglonema</folder>
	<filename>17.jpeg</filename>
	<path>/label-aglonema/17.jpeg</path>
	<source>
		<database>Unspecified</database>
	</source>
	<size>
		<width>800</width>
		<height>800</height>
		<depth>3</depth>
	</size>
	<object>
		<name>Aglonema</name>
		<pose>Unspecified</pose>
		<truncated>Unspecified</truncated>
		<difficult>Unspecified</difficult>
		<bndbox>
			<xmin>67</xmin>
			<ymin>59</ymin>
			<xmax>713</xmax>
			<ymax>784</ymax>
		</bndbox>
	</object>
</annotation>