<annotation>
	<folder>label-aglonema</folder>
	<filename>173.jpeg</filename>
	<path>/label-aglonema/173.jpeg</path>
	<source>
		<database>Unspecified</database>
	</source>
	<size>
		<width>1840</width>
		<height>4000</height>
		<depth>3</depth>
	</size>
	<object>
		<name>Aglonema</name>
		<pose>Unspecified</pose>
		<truncated>Unspecified</truncated>
		<difficult>Unspecified</difficult>
		<bndbox>
			<xmin>78</xmin>
			<ymin>265</ymin>
			<xmax>1707</xmax>
			<ymax>2307</ymax>
		</bndbox>
	</object>
	<object>
		<name>Aglonema</name>
		<pose>Unspecified</pose>
		<truncated>Unspecified</truncated>
		<difficult>Unspecified</difficult>
		<bndbox>
			<xmin>526</xmin>
			<ymin>2819</ymin>
			<xmax>1840</xmax>
			<ymax>3954</ymax>
		</bndbox>
	</object>
</annotation>