<annotation>
	<folder>label-aglonema</folder>
	<filename>174.jpeg</filename>
	<path>/label-aglonema/174.jpeg</path>
	<source>
		<database>Unspecified</database>
	</source>
	<size>
		<width>4000</width>
		<height>1840</height>
		<depth>3</depth>
	</size>
	<object>
		<name>Aglonema</name>
		<pose>Unspecified</pose>
		<truncated>Unspecified</truncated>
		<difficult>Unspecified</difficult>
		<bndbox>
			<xmin>1345</xmin>
			<ymin>351</ymin>
			<xmax>2295</xmax>
			<ymax>1076</ymax>
		</bndbox>
	</object>
	<object>
		<name>Aglonema</name>
		<pose>Unspecified</pose>
		<truncated>Unspecified</truncated>
		<difficult>Unspecified</difficult>
		<bndbox>
			<xmin>1086</xmin>
			<ymin>1537</ymin>
			<xmax>1805</xmax>
			<ymax>1840</ymax>
		</bndbox>
	</object>
</annotation>