<annotation>
	<folder>label-aglonema</folder>
	<filename>178.jpeg</filename>
	<path>/label-aglonema/178.jpeg</path>
	<source>
		<database>Unspecified</database>
	</source>
	<size>
		<width>720</width>
		<height>1280</height>
		<depth>3</depth>
	</size>
	<object>
		<name>Aglonema</name>
		<pose>Unspecified</pose>
		<truncated>Unspecified</truncated>
		<difficult>Unspecified</difficult>
		<bndbox>
			<xmin>11</xmin>
			<ymin>47</ymin>
			<xmax>679</xmax>
			<ymax>580</ymax>
		</bndbox>
	</object>
</annotation>