<annotation>
	<folder>label-aglonema</folder>
	<filename>179.jpeg</filename>
	<path>/label-aglonema/179.jpeg</path>
	<source>
		<database>Unspecified</database>
	</source>
	<size>
		<width>958</width>
		<height>1280</height>
		<depth>3</depth>
	</size>
	<object>
		<name>Aglonema</name>
		<pose>Unspecified</pose>
		<truncated>Unspecified</truncated>
		<difficult>Unspecified</difficult>
		<bndbox>
			<xmin>10</xmin>
			<ymin>73</ymin>
			<xmax>444</xmax>
			<ymax>510</ymax>
		</bndbox>
	</object>
	<object>
		<name>Aglonema</name>
		<pose>Unspecified</pose>
		<truncated>Unspecified</truncated>
		<difficult>Unspecified</difficult>
		<bndbox>
			<xmin>491</xmin>
			<ymin>729</ymin>
			<xmax>939</xmax>
			<ymax>1257</ymax>
		</bndbox>
	</object>
</annotation>