<annotation>
	<folder>label-aglonema</folder>
	<filename>18.jpeg</filename>
	<path>/label-aglonema/18.jpeg</path>
	<source>
		<database>Unspecified</database>
	</source>
	<size>
		<width>300</width>
		<height>300</height>
		<depth>3</depth>
	</size>
	<object>
		<name>Aglonema</name>
		<pose>Unspecified</pose>
		<truncated>Unspecified</truncated>
		<difficult>Unspecified</difficult>
		<bndbox>
			<xmin>11</xmin>
			<ymin>40</ymin>
			<xmax>298</xmax>
			<ymax>211</ymax>
		</bndbox>
	</object>
</annotation>