<annotation>
	<folder>label-aglonema</folder>
	<filename>183.jpeg</filename>
	<path>/label-aglonema/183.jpeg</path>
	<source>
		<database>Unspecified</database>
	</source>
	<size>
		<width>958</width>
		<height>1280</height>
		<depth>3</depth>
	</size>
	<object>
		<name>Aglonema</name>
		<pose>Unspecified</pose>
		<truncated>Unspecified</truncated>
		<difficult>Unspecified</difficult>
		<bndbox>
			<xmin>107</xmin>
			<ymin>231</ymin>
			<xmax>958</xmax>
			<ymax>1128</ymax>
		</bndbox>
	</object>
</annotation>