<annotation>
	<folder>label-aglonema</folder>
	<filename>184.jpeg</filename>
	<path>/label-aglonema/184.jpeg</path>
	<source>
		<database>Unspecified</database>
	</source>
	<size>
		<width>958</width>
		<height>1280</height>
		<depth>3</depth>
	</size>
	<object>
		<name>Aglonema</name>
		<pose>Unspecified</pose>
		<truncated>Unspecified</truncated>
		<difficult>Unspecified</difficult>
		<bndbox>
			<xmin>145</xmin>
			<ymin>76</ymin>
			<xmax>877</xmax>
			<ymax>1192</ymax>
		</bndbox>
	</object>
</annotation>