<annotation>
	<folder>label-aglonema</folder>
	<filename>186.jpeg</filename>
	<path>/label-aglonema/186.jpeg</path>
	<source>
		<database>Unspecified</database>
	</source>
	<size>
		<width>958</width>
		<height>1280</height>
		<depth>3</depth>
	</size>
	<object>
		<name>Aglonema</name>
		<pose>Unspecified</pose>
		<truncated>Unspecified</truncated>
		<difficult>Unspecified</difficult>
		<bndbox>
			<xmin>72</xmin>
			<ymin>548</ymin>
			<xmax>435</xmax>
			<ymax>926</ymax>
		</bndbox>
	</object>
	<object>
		<name>Aglonema</name>
		<pose>Unspecified</pose>
		<truncated>Unspecified</truncated>
		<difficult>Unspecified</difficult>
		<bndbox>
			<xmin>379</xmin>
			<ymin>817</ymin>
			<xmax>725</xmax>
			<ymax>1280</ymax>
		</bndbox>
	</object>
	<object>
		<name>Aglonema</name>
		<pose>Unspecified</pose>
		<truncated>Unspecified</truncated>
		<difficult>Unspecified</difficult>
		<bndbox>
			<xmin>482</xmin>
			<ymin>88</ymin>
			<xmax>910</xmax>
			<ymax>451</ymax>
		</bndbox>
	</object>
</annotation>