<annotation>
	<folder>label-aglonema</folder>
	<filename>19.jpeg</filename>
	<path>/label-aglonema/19.jpeg</path>
	<source>
		<database>Unspecified</database>
	</source>
	<size>
		<width>600</width>
		<height>800</height>
		<depth>3</depth>
	</size>
	<object>
		<name>Aglonema</name>
		<pose>Unspecified</pose>
		<truncated>Unspecified</truncated>
		<difficult>Unspecified</difficult>
		<bndbox>
			<xmin>18</xmin>
			<ymin>146</ymin>
			<xmax>593</xmax>
			<ymax>710</ymax>
		</bndbox>
	</object>
</annotation>