<annotation>
	<folder>label-aglonema</folder>
	<filename>2.jpeg</filename>
	<path>/label-aglonema/2.jpeg</path>
	<source>
		<database>Unspecified</database>
	</source>
	<size>
		<width>807</width>
		<height>800</height>
		<depth>3</depth>
	</size>
	<object>
		<name>Aglonema</name>
		<pose>Unspecified</pose>
		<truncated>Unspecified</truncated>
		<difficult>Unspecified</difficult>
		<bndbox>
			<xmin>34</xmin>
			<ymin>95</ymin>
			<xmax>709</xmax>
			<ymax>582</ymax>
		</bndbox>
	</object>
</annotation>