<annotation>
	<folder>label-aglonema</folder>
	<filename>20.jpeg</filename>
	<path>/label-aglonema/20.jpeg</path>
	<source>
		<database>Unspecified</database>
	</source>
	<size>
		<width>1024</width>
		<height>600</height>
		<depth>3</depth>
	</size>
	<object>
		<name>Aglonema</name>
		<pose>Unspecified</pose>
		<truncated>Unspecified</truncated>
		<difficult>Unspecified</difficult>
		<bndbox>
			<xmin>57</xmin>
			<ymin>47</ymin>
			<xmax>953</xmax>
			<ymax>570</ymax>
		</bndbox>
	</object>
</annotation>