<annotation>
	<folder>label-aglonema</folder>
	<filename>21.jpeg</filename>
	<path>/label-aglonema/21.jpeg</path>
	<source>
		<database>Unspecified</database>
	</source>
	<size>
		<width>620</width>
		<height>465</height>
		<depth>3</depth>
	</size>
	<object>
		<name>Aglonema</name>
		<pose>Unspecified</pose>
		<truncated>Unspecified</truncated>
		<difficult>Unspecified</difficult>
		<bndbox>
			<xmin>88</xmin>
			<ymin>27</ymin>
			<xmax>598</xmax>
			<ymax>446</ymax>
		</bndbox>
	</object>
</annotation>