<annotation>
	<folder>label-aglonema</folder>
	<filename>22.jpeg</filename>
	<path>/label-aglonema/22.jpeg</path>
	<source>
		<database>Unspecified</database>
	</source>
	<size>
		<width>500</width>
		<height>750</height>
		<depth>3</depth>
	</size>
	<object>
		<name>Aglonema</name>
		<pose>Unspecified</pose>
		<truncated>Unspecified</truncated>
		<difficult>Unspecified</difficult>
		<bndbox>
			<xmin>23</xmin>
			<ymin>69</ymin>
			<xmax>430</xmax>
			<ymax>530</ymax>
		</bndbox>
	</object>
</annotation>