<annotation>
	<folder>label-aglonema</folder>
	<filename>24.jpeg</filename>
	<path>/label-aglonema/24.jpeg</path>
	<source>
		<database>Unspecified</database>
	</source>
	<size>
		<width>700</width>
		<height>394</height>
		<depth>3</depth>
	</size>
	<object>
		<name>Aglonema</name>
		<pose>Unspecified</pose>
		<truncated>Unspecified</truncated>
		<difficult>Unspecified</difficult>
		<bndbox>
			<xmin>71</xmin>
			<ymin>50</ymin>
			<xmax>574</xmax>
			<ymax>394</ymax>
		</bndbox>
	</object>
</annotation>