<annotation>
	<folder>label-aglonema</folder>
	<filename>25.jpeg</filename>
	<path>/label-aglonema/25.jpeg</path>
	<source>
		<database>Unspecified</database>
	</source>
	<size>
		<width>602</width>
		<height>452</height>
		<depth>3</depth>
	</size>
	<object>
		<name>Aglonema</name>
		<pose>Unspecified</pose>
		<truncated>Unspecified</truncated>
		<difficult>Unspecified</difficult>
		<bndbox>
			<xmin>34</xmin>
			<ymin>17</ymin>
			<xmax>602</xmax>
			<ymax>419</ymax>
		</bndbox>
	</object>
</annotation>