<annotation>
	<folder>label-aglonema</folder>
	<filename>26.jpeg</filename>
	<path>/label-aglonema/26.jpeg</path>
	<source>
		<database>Unspecified</database>
	</source>
	<size>
		<width>666</width>
		<height>500</height>
		<depth>3</depth>
	</size>
	<object>
		<name>Aglonema</name>
		<pose>Unspecified</pose>
		<truncated>Unspecified</truncated>
		<difficult>Unspecified</difficult>
		<bndbox>
			<xmin>64</xmin>
			<ymin>31</ymin>
			<xmax>637</xmax>
			<ymax>490</ymax>
		</bndbox>
	</object>
</annotation>