<annotation>
	<folder>label-aglonema</folder>
	<filename>27.jpeg</filename>
	<path>/label-aglonema/27.jpeg</path>
	<source>
		<database>Unspecified</database>
	</source>
	<size>
		<width>850</width>
		<height>850</height>
		<depth>3</depth>
	</size>
	<object>
		<name>Aglonema</name>
		<pose>Unspecified</pose>
		<truncated>Unspecified</truncated>
		<difficult>Unspecified</difficult>
		<bndbox>
			<xmin>61</xmin>
			<ymin>175</ymin>
			<xmax>802</xmax>
			<ymax>613</ymax>
		</bndbox>
	</object>
</annotation>