<annotation>
	<folder>label-aglonema</folder>
	<filename>28.jpeg</filename>
	<path>/label-aglonema/28.jpeg</path>
	<source>
		<database>Unspecified</database>
	</source>
	<size>
		<width>704</width>
		<height>350</height>
		<depth>3</depth>
	</size>
	<object>
		<name>Aglonema</name>
		<pose>Unspecified</pose>
		<truncated>Unspecified</truncated>
		<difficult>Unspecified</difficult>
		<bndbox>
			<xmin>22</xmin>
			<ymin>0</ymin>
			<xmax>704</xmax>
			<ymax>330</ymax>
		</bndbox>
	</object>
</annotation>