<annotation>
	<folder>label-aglonema</folder>
	<filename>29.jpeg</filename>
	<path>/label-aglonema/29.jpeg</path>
	<source>
		<database>Unspecified</database>
	</source>
	<size>
		<width>600</width>
		<height>338</height>
		<depth>3</depth>
	</size>
	<object>
		<name>Aglonema</name>
		<pose>Unspecified</pose>
		<truncated>Unspecified</truncated>
		<difficult>Unspecified</difficult>
		<bndbox>
			<xmin>121</xmin>
			<ymin>45</ymin>
			<xmax>523</xmax>
			<ymax>298</ymax>
		</bndbox>
	</object>
</annotation>