<annotation>
	<folder>label-aglonema</folder>
	<filename>3.jpeg</filename>
	<path>/label-aglonema/3.jpeg</path>
	<source>
		<database>Unspecified</database>
	</source>
	<size>
		<width>700</width>
		<height>393</height>
		<depth>3</depth>
	</size>
	<object>
		<name>Aglonema</name>
		<pose>Unspecified</pose>
		<truncated>Unspecified</truncated>
		<difficult>Unspecified</difficult>
		<bndbox>
			<xmin>87</xmin>
			<ymin>17</ymin>
			<xmax>602</xmax>
			<ymax>372</ymax>
		</bndbox>
	</object>
</annotation>