<annotation>
	<folder>label-aglonema</folder>
	<filename>31.jpeg</filename>
	<path>/label-aglonema/31.jpeg</path>
	<source>
		<database>Unspecified</database>
	</source>
	<size>
		<width>375</width>
		<height>500</height>
		<depth>3</depth>
	</size>
	<object>
		<name>Aglonema</name>
		<pose>Unspecified</pose>
		<truncated>Unspecified</truncated>
		<difficult>Unspecified</difficult>
		<bndbox>
			<xmin>77</xmin>
			<ymin>150</ymin>
			<xmax>350</xmax>
			<ymax>378</ymax>
		</bndbox>
	</object>
	<object>
		<name>Aglonema</name>
		<pose>Unspecified</pose>
		<truncated>Unspecified</truncated>
		<difficult>Unspecified</difficult>
		<bndbox>
			<xmin>9</xmin>
			<ymin>10</ymin>
			<xmax>166</xmax>
			<ymax>111</ymax>
		</bndbox>
	</object>
</annotation>