<annotation>
	<folder>label-aglonema</folder>
	<filename>32.jpeg</filename>
	<path>/label-aglonema/32.jpeg</path>
	<source>
		<database>Unspecified</database>
	</source>
	<size>
		<width>581</width>
		<height>600</height>
		<depth>3</depth>
	</size>
	<object>
		<name>Aglonema</name>
		<pose>Unspecified</pose>
		<truncated>Unspecified</truncated>
		<difficult>Unspecified</difficult>
		<bndbox>
			<xmin>6</xmin>
			<ymin>32</ymin>
			<xmax>576</xmax>
			<ymax>493</ymax>
		</bndbox>
	</object>
</annotation>