<annotation>
	<folder>label-aglonema</folder>
	<filename>33.jpeg</filename>
	<path>/label-aglonema/33.jpeg</path>
	<source>
		<database>Unspecified</database>
	</source>
	<size>
		<width>750</width>
		<height>500</height>
		<depth>3</depth>
	</size>
	<object>
		<name>Aglonema</name>
		<pose>Unspecified</pose>
		<truncated>Unspecified</truncated>
		<difficult>Unspecified</difficult>
		<bndbox>
			<xmin>90</xmin>
			<ymin>26</ymin>
			<xmax>536</xmax>
			<ymax>416</ymax>
		</bndbox>
	</object>
</annotation>