<annotation>
	<folder>label-aglonema</folder>
	<filename>34.jpeg</filename>
	<path>/label-aglonema/34.jpeg</path>
	<source>
		<database>Unspecified</database>
	</source>
	<size>
		<width>640</width>
		<height>640</height>
		<depth>3</depth>
	</size>
	<object>
		<name>Aglonema</name>
		<pose>Unspecified</pose>
		<truncated>Unspecified</truncated>
		<difficult>Unspecified</difficult>
		<bndbox>
			<xmin>27</xmin>
			<ymin>28</ymin>
			<xmax>515</xmax>
			<ymax>439</ymax>
		</bndbox>
	</object>
</annotation>