<annotation>
	<folder>label-aglonema</folder>
	<filename>35.jpeg</filename>
	<path>/label-aglonema/35.jpeg</path>
	<source>
		<database>Unspecified</database>
	</source>
	<size>
		<width>790</width>
		<height>445</height>
		<depth>3</depth>
	</size>
	<object>
		<name>Aglonema</name>
		<pose>Unspecified</pose>
		<truncated>Unspecified</truncated>
		<difficult>Unspecified</difficult>
		<bndbox>
			<xmin>97</xmin>
			<ymin>19</ymin>
			<xmax>673</xmax>
			<ymax>415</ymax>
		</bndbox>
	</object>
</annotation>