<annotation>
	<folder>label-aglonema</folder>
	<filename>36.jpeg</filename>
	<path>/label-aglonema/36.jpeg</path>
	<source>
		<database>Unspecified</database>
	</source>
	<size>
		<width>400</width>
		<height>231</height>
		<depth>3</depth>
	</size>
	<object>
		<name>Aglonema</name>
		<pose>Unspecified</pose>
		<truncated>Unspecified</truncated>
		<difficult>Unspecified</difficult>
		<bndbox>
			<xmin>65</xmin>
			<ymin>3</ymin>
			<xmax>345</xmax>
			<ymax>197</ymax>
		</bndbox>
	</object>
</annotation>