<annotation>
	<folder>label-aglonema</folder>
	<filename>37.jpeg</filename>
	<path>/label-aglonema/37.jpeg</path>
	<source>
		<database>Unspecified</database>
	</source>
	<size>
		<width>700</width>
		<height>700</height>
		<depth>3</depth>
	</size>
	<object>
		<name>Aglonema</name>
		<pose>Unspecified</pose>
		<truncated>Unspecified</truncated>
		<difficult>Unspecified</difficult>
		<bndbox>
			<xmin>57</xmin>
			<ymin>26</ymin>
			<xmax>638</xmax>
			<ymax>622</ymax>
		</bndbox>
	</object>
</annotation>