<annotation>
	<folder>label-aglonema</folder>
	<filename>38.jpeg</filename>
	<path>/label-aglonema/38.jpeg</path>
	<source>
		<database>Unspecified</database>
	</source>
	<size>
		<width>1000</width>
		<height>1250</height>
		<depth>3</depth>
	</size>
	<object>
		<name>Aglonema</name>
		<pose>Unspecified</pose>
		<truncated>Unspecified</truncated>
		<difficult>Unspecified</difficult>
		<bndbox>
			<xmin>220</xmin>
			<ymin>140</ymin>
			<xmax>963</xmax>
			<ymax>1164</ymax>
		</bndbox>
	</object>
</annotation>