<annotation>
	<folder>label-aglonema</folder>
	<filename>39.jpeg</filename>
	<path>/label-aglonema/39.jpeg</path>
	<source>
		<database>Unspecified</database>
	</source>
	<size>
		<width>700</width>
		<height>700</height>
		<depth>3</depth>
	</size>
	<object>
		<name>Aglonema</name>
		<pose>Unspecified</pose>
		<truncated>Unspecified</truncated>
		<difficult>Unspecified</difficult>
		<bndbox>
			<xmin>30</xmin>
			<ymin>99</ymin>
			<xmax>677</xmax>
			<ymax>673</ymax>
		</bndbox>
	</object>
</annotation>