<annotation>
	<folder>label-aglonema</folder>
	<filename>4.jpeg</filename>
	<path>/label-aglonema/4.jpeg</path>
	<source>
		<database>Unspecified</database>
	</source>
	<size>
		<width>700</width>
		<height>700</height>
		<depth>3</depth>
	</size>
	<object>
		<name>Aglonema</name>
		<pose>Unspecified</pose>
		<truncated>Unspecified</truncated>
		<difficult>Unspecified</difficult>
		<bndbox>
			<xmin>126</xmin>
			<ymin>88</ymin>
			<xmax>646</xmax>
			<ymax>517</ymax>
		</bndbox>
	</object>
</annotation>