<annotation>
	<folder>label-aglonema</folder>
	<filename>40.jpeg</filename>
	<path>/label-aglonema/40.jpeg</path>
	<source>
		<database>Unspecified</database>
	</source>
	<size>
		<width>640</width>
		<height>360</height>
		<depth>3</depth>
	</size>
	<object>
		<name>Aglonema</name>
		<pose>Unspecified</pose>
		<truncated>Unspecified</truncated>
		<difficult>Unspecified</difficult>
		<bndbox>
			<xmin>90</xmin>
			<ymin>12</ymin>
			<xmax>581</xmax>
			<ymax>348</ymax>
		</bndbox>
	</object>
</annotation>