<annotation>
	<folder>label-aglonema</folder>
	<filename>41.jpeg</filename>
	<path>/label-aglonema/41.jpeg</path>
	<source>
		<database>Unspecified</database>
	</source>
	<size>
		<width>586</width>
		<height>370</height>
		<depth>3</depth>
	</size>
	<object>
		<name>Aglonema</name>
		<pose>Unspecified</pose>
		<truncated>Unspecified</truncated>
		<difficult>Unspecified</difficult>
		<bndbox>
			<xmin>42</xmin>
			<ymin>5</ymin>
			<xmax>567</xmax>
			<ymax>346</ymax>
		</bndbox>
	</object>
</annotation>