<annotation>
	<folder>label-aglonema</folder>
	<filename>42.jpeg</filename>
	<path>/label-aglonema/42.jpeg</path>
	<source>
		<database>Unspecified</database>
	</source>
	<size>
		<width>512</width>
		<height>640</height>
		<depth>3</depth>
	</size>
	<object>
		<name>Aglonema</name>
		<pose>Unspecified</pose>
		<truncated>Unspecified</truncated>
		<difficult>Unspecified</difficult>
		<bndbox>
			<xmin>44</xmin>
			<ymin>59</ymin>
			<xmax>484</xmax>
			<ymax>494</ymax>
		</bndbox>
	</object>
</annotation>