<annotation>
	<folder>label-aglonema</folder>
	<filename>43.jpeg</filename>
	<path>/label-aglonema/43.jpeg</path>
	<source>
		<database>Unspecified</database>
	</source>
	<size>
		<width>1024</width>
		<height>600</height>
		<depth>3</depth>
	</size>
	<object>
		<name>Aglonema</name>
		<pose>Unspecified</pose>
		<truncated>Unspecified</truncated>
		<difficult>Unspecified</difficult>
		<bndbox>
			<xmin>162</xmin>
			<ymin>175</ymin>
			<xmax>962</xmax>
			<ymax>542</ymax>
		</bndbox>
	</object>
</annotation>