<annotation>
	<folder>label-aglonema</folder>
	<filename>44.jpeg</filename>
	<path>/label-aglonema/44.jpeg</path>
	<source>
		<database>Unspecified</database>
	</source>
	<size>
		<width>800</width>
		<height>800</height>
		<depth>3</depth>
	</size>
	<object>
		<name>Aglonema</name>
		<pose>Unspecified</pose>
		<truncated>Unspecified</truncated>
		<difficult>Unspecified</difficult>
		<bndbox>
			<xmin>107</xmin>
			<ymin>82</ymin>
			<xmax>706</xmax>
			<ymax>736</ymax>
		</bndbox>
	</object>
</annotation>