<annotation>
	<folder>label-aglonema</folder>
	<filename>45.jpeg</filename>
	<path>/label-aglonema/45.jpeg</path>
	<source>
		<database>Unspecified</database>
	</source>
	<size>
		<width>750</width>
		<height>500</height>
		<depth>3</depth>
	</size>
	<object>
		<name>Aglonema</name>
		<pose>Unspecified</pose>
		<truncated>Unspecified</truncated>
		<difficult>Unspecified</difficult>
		<bndbox>
			<xmin>61</xmin>
			<ymin>100</ymin>
			<xmax>380</xmax>
			<ymax>392</ymax>
		</bndbox>
	</object>
	<object>
		<name>Aglonema</name>
		<pose>Unspecified</pose>
		<truncated>Unspecified</truncated>
		<difficult>Unspecified</difficult>
		<bndbox>
			<xmin>424</xmin>
			<ymin>48</ymin>
			<xmax>745</xmax>
			<ymax>303</ymax>
		</bndbox>
	</object>
</annotation>