<annotation>
	<folder>label-aglonema</folder>
	<filename>46.jpeg</filename>
	<path>/label-aglonema/46.jpeg</path>
	<source>
		<database>Unspecified</database>
	</source>
	<size>
		<width>375</width>
		<height>500</height>
		<depth>3</depth>
	</size>
	<object>
		<name>Aglonema</name>
		<pose>Unspecified</pose>
		<truncated>Unspecified</truncated>
		<difficult>Unspecified</difficult>
		<bndbox>
			<xmin>40</xmin>
			<ymin>105</ymin>
			<xmax>372</xmax>
			<ymax>406</ymax>
		</bndbox>
	</object>
</annotation>