<annotation>
	<folder>label-aglonema</folder>
	<filename>47.jpeg</filename>
	<path>/label-aglonema/47.jpeg</path>
	<source>
		<database>Unspecified</database>
	</source>
	<size>
		<width>750</width>
		<height>500</height>
		<depth>3</depth>
	</size>
	<object>
		<name>Aglonema</name>
		<pose>Unspecified</pose>
		<truncated>Unspecified</truncated>
		<difficult>Unspecified</difficult>
		<bndbox>
			<xmin>27</xmin>
			<ymin>14</ymin>
			<xmax>652</xmax>
			<ymax>330</ymax>
		</bndbox>
	</object>
</annotation>