<annotation>
	<folder>label-aglonema</folder>
	<filename>48.jpeg</filename>
	<path>/label-aglonema/48.jpeg</path>
	<source>
		<database>Unspecified</database>
	</source>
	<size>
		<width>700</width>
		<height>421</height>
		<depth>3</depth>
	</size>
	<object>
		<name>Aglonema</name>
		<pose>Unspecified</pose>
		<truncated>Unspecified</truncated>
		<difficult>Unspecified</difficult>
		<bndbox>
			<xmin>134</xmin>
			<ymin>47</ymin>
			<xmax>566</xmax>
			<ymax>393</ymax>
		</bndbox>
	</object>
</annotation>