<annotation>
	<folder>label-aglonema</folder>
	<filename>49.jpeg</filename>
	<path>/label-aglonema/49.jpeg</path>
	<source>
		<database>Unspecified</database>
	</source>
	<size>
		<width>1600</width>
		<height>1200</height>
		<depth>3</depth>
	</size>
	<object>
		<name>Aglonema</name>
		<pose>Unspecified</pose>
		<truncated>Unspecified</truncated>
		<difficult>Unspecified</difficult>
		<bndbox>
			<xmin>344</xmin>
			<ymin>80</ymin>
			<xmax>1314</xmax>
			<ymax>1120</ymax>
		</bndbox>
	</object>
</annotation>