<annotation>
	<folder>label-aglonema</folder>
	<filename>5.jpeg</filename>
	<path>/label-aglonema/5.jpeg</path>
	<source>
		<database>Unspecified</database>
	</source>
	<size>
		<width>800</width>
		<height>800</height>
		<depth>3</depth>
	</size>
	<object>
		<name>Aglonema</name>
		<pose>Unspecified</pose>
		<truncated>Unspecified</truncated>
		<difficult>Unspecified</difficult>
		<bndbox>
			<xmin>113</xmin>
			<ymin>60</ymin>
			<xmax>719</xmax>
			<ymax>628</ymax>
		</bndbox>
	</object>
</annotation>