<annotation>
	<folder>label-aglonema</folder>
	<filename>50.jpeg</filename>
	<path>/label-aglonema/50.jpeg</path>
	<source>
		<database>Unspecified</database>
	</source>
	<size>
		<width>800</width>
		<height>800</height>
		<depth>3</depth>
	</size>
	<object>
		<name>Aglonema</name>
		<pose>Unspecified</pose>
		<truncated>Unspecified</truncated>
		<difficult>Unspecified</difficult>
		<bndbox>
			<xmin>83</xmin>
			<ymin>31</ymin>
			<xmax>731</xmax>
			<ymax>712</ymax>
		</bndbox>
	</object>
</annotation>