<annotation>
	<folder>label-aglonema</folder>
	<filename>51.jpeg</filename>
	<path>/label-aglonema/51.jpeg</path>
	<source>
		<database>Unspecified</database>
	</source>
	<size>
		<width>744</width>
		<height>372</height>
		<depth>3</depth>
	</size>
	<object>
		<name>Aglonema</name>
		<pose>Unspecified</pose>
		<truncated>Unspecified</truncated>
		<difficult>Unspecified</difficult>
		<bndbox>
			<xmin>129</xmin>
			<ymin>16</ymin>
			<xmax>587</xmax>
			<ymax>314</ymax>
		</bndbox>
	</object>
	<object>
		<name>Aglonema</name>
		<pose>Unspecified</pose>
		<truncated>Unspecified</truncated>
		<difficult>Unspecified</difficult>
		<bndbox>
			<xmin>562</xmin>
			<ymin>3</ymin>
			<xmax>744</xmax>
			<ymax>325</ymax>
		</bndbox>
	</object>
</annotation>