<annotation>
	<folder>label-aglonema</folder>
	<filename>52.jpeg</filename>
	<path>/label-aglonema/52.jpeg</path>
	<source>
		<database>Unspecified</database>
	</source>
	<size>
		<width>700</width>
		<height>397</height>
		<depth>3</depth>
	</size>
	<object>
		<name>Aglonema</name>
		<pose>Unspecified</pose>
		<truncated>Unspecified</truncated>
		<difficult>Unspecified</difficult>
		<bndbox>
			<xmin>15</xmin>
			<ymin>33</ymin>
			<xmax>448</xmax>
			<ymax>292</ymax>
		</bndbox>
	</object>
</annotation>