<annotation>
	<folder>label-aglonema</folder>
	<filename>53.jpeg</filename>
	<path>/label-aglonema/53.jpeg</path>
	<source>
		<database>Unspecified</database>
	</source>
	<size>
		<width>450</width>
		<height>600</height>
		<depth>3</depth>
	</size>
	<object>
		<name>Aglonema</name>
		<pose>Unspecified</pose>
		<truncated>Unspecified</truncated>
		<difficult>Unspecified</difficult>
		<bndbox>
			<xmin>14</xmin>
			<ymin>100</ymin>
			<xmax>450</xmax>
			<ymax>463</ymax>
		</bndbox>
	</object>
</annotation>