<annotation>
	<folder>label-aglonema</folder>
	<filename>54.jpeg</filename>
	<path>/label-aglonema/54.jpeg</path>
	<source>
		<database>Unspecified</database>
	</source>
	<size>
		<width>700</width>
		<height>350</height>
		<depth>3</depth>
	</size>
	<object>
		<name>Aglonema</name>
		<pose>Unspecified</pose>
		<truncated>Unspecified</truncated>
		<difficult>Unspecified</difficult>
		<bndbox>
			<xmin>204</xmin>
			<ymin>39</ymin>
			<xmax>478</xmax>
			<ymax>307</ymax>
		</bndbox>
	</object>
</annotation>