<annotation>
	<folder>label-aglonema</folder>
	<filename>55.jpeg</filename>
	<path>/label-aglonema/55.jpeg</path>
	<source>
		<database>Unspecified</database>
	</source>
	<size>
		<width>318</width>
		<height>159</height>
		<depth>3</depth>
	</size>
	<object>
		<name>Aglonema</name>
		<pose>Unspecified</pose>
		<truncated>Unspecified</truncated>
		<difficult>Unspecified</difficult>
		<bndbox>
			<xmin>56</xmin>
			<ymin>7</ymin>
			<xmax>294</xmax>
			<ymax>156</ymax>
		</bndbox>
	</object>
</annotation>