<annotation>
	<folder>label-aglonema</folder>
	<filename>57.jpeg</filename>
	<path>/label-aglonema/57.jpeg</path>
	<source>
		<database>Unspecified</database>
	</source>
	<size>
		<width>665</width>
		<height>374</height>
		<depth>3</depth>
	</size>
	<object>
		<name>Aglonema</name>
		<pose>Unspecified</pose>
		<truncated>Unspecified</truncated>
		<difficult>Unspecified</difficult>
		<bndbox>
			<xmin>115</xmin>
			<ymin>56</ymin>
			<xmax>582</xmax>
			<ymax>363</ymax>
		</bndbox>
	</object>
</annotation>