<annotation>
	<folder>label-aglonema</folder>
	<filename>58.jpeg</filename>
	<path>/label-aglonema/58.jpeg</path>
	<source>
		<database>Unspecified</database>
	</source>
	<size>
		<width>500</width>
		<height>431</height>
		<depth>3</depth>
	</size>
	<object>
		<name>Aglonema</name>
		<pose>Unspecified</pose>
		<truncated>Unspecified</truncated>
		<difficult>Unspecified</difficult>
		<bndbox>
			<xmin>14</xmin>
			<ymin>19</ymin>
			<xmax>490</xmax>
			<ymax>355</ymax>
		</bndbox>
	</object>
</annotation>