<annotation>
	<folder>label-aglonema</folder>
	<filename>59.jpeg</filename>
	<path>/label-aglonema/59.jpeg</path>
	<source>
		<database>Unspecified</database>
	</source>
	<size>
		<width>522</width>
		<height>477</height>
		<depth>3</depth>
	</size>
	<object>
		<name>Aglonema</name>
		<pose>Unspecified</pose>
		<truncated>Unspecified</truncated>
		<difficult>Unspecified</difficult>
		<bndbox>
			<xmin>41</xmin>
			<ymin>53</ymin>
			<xmax>492</xmax>
			<ymax>341</ymax>
		</bndbox>
	</object>
</annotation>