<annotation>
	<folder>label-aglonema</folder>
	<filename>6.jpeg</filename>
	<path>/label-aglonema/6.jpeg</path>
	<source>
		<database>Unspecified</database>
	</source>
	<size>
		<width>338</width>
		<height>600</height>
		<depth>3</depth>
	</size>
	<object>
		<name>Aglonema</name>
		<pose>Unspecified</pose>
		<truncated>Unspecified</truncated>
		<difficult>Unspecified</difficult>
		<bndbox>
			<xmin>12</xmin>
			<ymin>67</ymin>
			<xmax>338</xmax>
			<ymax>356</ymax>
		</bndbox>
	</object>
</annotation>