<annotation>
	<folder>label-aglonema</folder>
	<filename>60.jpeg</filename>
	<path>/label-aglonema/60.jpeg</path>
	<source>
		<database>Unspecified</database>
	</source>
	<size>
		<width>1280</width>
		<height>1280</height>
		<depth>3</depth>
	</size>
	<object>
		<name>Aglonema</name>
		<pose>Unspecified</pose>
		<truncated>Unspecified</truncated>
		<difficult>Unspecified</difficult>
		<bndbox>
			<xmin>157</xmin>
			<ymin>132</ymin>
			<xmax>1109</xmax>
			<ymax>1183</ymax>
		</bndbox>
	</object>
</annotation>