<annotation>
	<folder>label-aglonema</folder>
	<filename>61.jpeg</filename>
	<path>/label-aglonema/61.jpeg</path>
	<source>
		<database>Unspecified</database>
	</source>
	<size>
		<width>960</width>
		<height>1280</height>
		<depth>3</depth>
	</size>
	<object>
		<name>Aglonema</name>
		<pose>Unspecified</pose>
		<truncated>Unspecified</truncated>
		<difficult>Unspecified</difficult>
		<bndbox>
			<xmin>246</xmin>
			<ymin>79</ymin>
			<xmax>735</xmax>
			<ymax>559</ymax>
		</bndbox>
	</object>
</annotation>