<annotation>
	<folder>label-aglonema</folder>
	<filename>63.jpeg</filename>
	<path>/label-aglonema/63.jpeg</path>
	<source>
		<database>Unspecified</database>
	</source>
	<size>
		<width>240</width>
		<height>475</height>
		<depth>3</depth>
	</size>
	<object>
		<name>Aglonema</name>
		<pose>Unspecified</pose>
		<truncated>Unspecified</truncated>
		<difficult>Unspecified</difficult>
		<bndbox>
			<xmin>25</xmin>
			<ymin>72</ymin>
			<xmax>227</xmax>
			<ymax>308</ymax>
		</bndbox>
	</object>
</annotation>