<annotation>
	<folder>label-aglonema</folder>
	<filename>66.jpeg</filename>
	<path>/label-aglonema/66.jpeg</path>
	<source>
		<database>Unspecified</database>
	</source>
	<size>
		<width>320</width>
		<height>427</height>
		<depth>3</depth>
	</size>
	<object>
		<name>Aglonema</name>
		<pose>Unspecified</pose>
		<truncated>Unspecified</truncated>
		<difficult>Unspecified</difficult>
		<bndbox>
			<xmin>47</xmin>
			<ymin>135</ymin>
			<xmax>302</xmax>
			<ymax>370</ymax>
		</bndbox>
	</object>
</annotation>