<annotation>
	<folder>label-aglonema</folder>
	<filename>67.jpeg</filename>
	<path>/label-aglonema/67.jpeg</path>
	<source>
		<database>Unspecified</database>
	</source>
	<size>
		<width>240</width>
		<height>427</height>
		<depth>3</depth>
	</size>
	<object>
		<name>Aglonema</name>
		<pose>Unspecified</pose>
		<truncated>Unspecified</truncated>
		<difficult>Unspecified</difficult>
		<bndbox>
			<xmin>5</xmin>
			<ymin>7</ymin>
			<xmax>184</xmax>
			<ymax>78</ymax>
		</bndbox>
	</object>
</annotation>