<annotation>
	<folder>label-aglonema</folder>
	<filename>68.jpeg</filename>
	<path>/label-aglonema/68.jpeg</path>
	<source>
		<database>Unspecified</database>
	</source>
	<size>
		<width>240</width>
		<height>427</height>
		<depth>3</depth>
	</size>
	<object>
		<name>Aglonema</name>
		<pose>Unspecified</pose>
		<truncated>Unspecified</truncated>
		<difficult>Unspecified</difficult>
		<bndbox>
			<xmin>11</xmin>
			<ymin>15</ymin>
			<xmax>240</xmax>
			<ymax>140</ymax>
		</bndbox>
	</object>
</annotation>