<annotation>
	<folder>label-aglonema</folder>
	<filename>69.jpeg</filename>
	<path>/label-aglonema/69.jpeg</path>
	<source>
		<database>Unspecified</database>
	</source>
	<size>
		<width>480</width>
		<height>853</height>
		<depth>3</depth>
	</size>
	<object>
		<name>Aglonema</name>
		<pose>Unspecified</pose>
		<truncated>Unspecified</truncated>
		<difficult>Unspecified</difficult>
		<bndbox>
			<xmin>16</xmin>
			<ymin>478</ymin>
			<xmax>464</xmax>
			<ymax>722</ymax>
		</bndbox>
	</object>
	<object>
		<name>Aglonema</name>
		<pose>Unspecified</pose>
		<truncated>Unspecified</truncated>
		<difficult>Unspecified</difficult>
		<bndbox>
			<xmin>144</xmin>
			<ymin>182</ymin>
			<xmax>476</xmax>
			<ymax>453</ymax>
		</bndbox>
	</object>
</annotation>