<annotation>
	<folder>label-aglonema</folder>
	<filename>7.jpeg</filename>
	<path>/label-aglonema/7.jpeg</path>
	<source>
		<database>Unspecified</database>
	</source>
	<size>
		<width>727</width>
		<height>811</height>
		<depth>3</depth>
	</size>
	<object>
		<name>Aglonema</name>
		<pose>Unspecified</pose>
		<truncated>Unspecified</truncated>
		<difficult>Unspecified</difficult>
		<bndbox>
			<xmin>76</xmin>
			<ymin>39</ymin>
			<xmax>683</xmax>
			<ymax>611</ymax>
		</bndbox>
	</object>
</annotation>