<annotation>
	<folder>label-aglonema</folder>
	<filename>70.jpeg</filename>
	<path>/label-aglonema/70.jpeg</path>
	<source>
		<database>Unspecified</database>
	</source>
	<size>
		<width>240</width>
		<height>427</height>
		<depth>3</depth>
	</size>
	<object>
		<name>Aglonema</name>
		<pose>Unspecified</pose>
		<truncated>Unspecified</truncated>
		<difficult>Unspecified</difficult>
		<bndbox>
			<xmin>10</xmin>
			<ymin>6</ymin>
			<xmax>220</xmax>
			<ymax>127</ymax>
		</bndbox>
	</object>
</annotation>