<annotation>
	<folder>label-aglonema</folder>
	<filename>72.jpeg</filename>
	<path>/label-aglonema/72.jpeg</path>
	<source>
		<database>Unspecified</database>
	</source>
	<size>
		<width>320</width>
		<height>427</height>
		<depth>3</depth>
	</size>
	<object>
		<name>Aglonema</name>
		<pose>Unspecified</pose>
		<truncated>Unspecified</truncated>
		<difficult>Unspecified</difficult>
		<bndbox>
			<xmin>31</xmin>
			<ymin>100</ymin>
			<xmax>288</xmax>
			<ymax>371</ymax>
		</bndbox>
	</object>
</annotation>