<annotation>
	<folder>label-aglonema</folder>
	<filename>73.jpeg</filename>
	<path>/label-aglonema/73.jpeg</path>
	<source>
		<database>Unspecified</database>
	</source>
	<size>
		<width>240</width>
		<height>427</height>
		<depth>3</depth>
	</size>
	<object>
		<name>Aglonema</name>
		<pose>Unspecified</pose>
		<truncated>Unspecified</truncated>
		<difficult>Unspecified</difficult>
		<bndbox>
			<xmin>15</xmin>
			<ymin>114</ymin>
			<xmax>219</xmax>
			<ymax>365</ymax>
		</bndbox>
	</object>
</annotation>