<annotation>
	<folder>label-aglonema</folder>
	<filename>77.jpeg</filename>
	<path>/label-aglonema/77.jpeg</path>
	<source>
		<database>Unspecified</database>
	</source>
	<size>
		<width>4032</width>
		<height>3024</height>
		<depth>3</depth>
	</size>
	<object>
		<name>Aglonema</name>
		<pose>Unspecified</pose>
		<truncated>Unspecified</truncated>
		<difficult>Unspecified</difficult>
		<bndbox>
			<xmin>265</xmin>
			<ymin>789</ymin>
			<xmax>3822</xmax>
			<ymax>2360</ymax>
		</bndbox>
	</object>
</annotation>