<annotation>
	<folder>label-aglonema</folder>
	<filename>8.jpeg</filename>
	<path>/label-aglonema/8.jpeg</path>
	<source>
		<database>Unspecified</database>
	</source>
	<size>
		<width>650</width>
		<height>367</height>
		<depth>3</depth>
	</size>
	<object>
		<name>Aglonema</name>
		<pose>Unspecified</pose>
		<truncated>Unspecified</truncated>
		<difficult>Unspecified</difficult>
		<bndbox>
			<xmin>152</xmin>
			<ymin>29</ymin>
			<xmax>482</xmax>
			<ymax>329</ymax>
		</bndbox>
	</object>
</annotation>