<annotation>
	<folder>label-aglonema</folder>
	<filename>81.jpeg</filename>
	<path>/label-aglonema/81.jpeg</path>
	<source>
		<database>Unspecified</database>
	</source>
	<size>
		<width>4032</width>
		<height>3024</height>
		<depth>3</depth>
	</size>
	<object>
		<name>Aglonema</name>
		<pose>Unspecified</pose>
		<truncated>Unspecified</truncated>
		<difficult>Unspecified</difficult>
		<bndbox>
			<xmin>9</xmin>
			<ymin>595</ymin>
			<xmax>2881</xmax>
			<ymax>2865</ymax>
		</bndbox>
	</object>
</annotation>