<annotation>
	<folder>label-aglonema</folder>
	<filename>84.jpeg</filename>
	<path>/label-aglonema/84.jpeg</path>
	<source>
		<database>Unspecified</database>
	</source>
	<size>
		<width>4032</width>
		<height>3024</height>
		<depth>3</depth>
	</size>
	<object>
		<name>Aglonema</name>
		<pose>Unspecified</pose>
		<truncated>Unspecified</truncated>
		<difficult>Unspecified</difficult>
		<bndbox>
			<xmin>51</xmin>
			<ymin>118</ymin>
			<xmax>3407</xmax>
			<ymax>2830</ymax>
		</bndbox>
	</object>
</annotation>