<annotation>
	<folder>label-aglonema</folder>
	<filename>9.jpeg</filename>
	<path>/label-aglonema/9.jpeg</path>
	<source>
		<database>Unspecified</database>
	</source>
	<size>
		<width>275</width>
		<height>183</height>
		<depth>3</depth>
	</size>
	<object>
		<name>Aglonema</name>
		<pose>Unspecified</pose>
		<truncated>Unspecified</truncated>
		<difficult>Unspecified</difficult>
		<bndbox>
			<xmin>8</xmin>
			<ymin>2</ymin>
			<xmax>271</xmax>
			<ymax>179</ymax>
		</bndbox>
	</object>
</annotation>