<annotation>
	<folder>label-aglonema</folder>
	<filename>AnyConv.com__IMG_3937.jpg</filename>
	<path>/label-aglonema/AnyConv.com__IMG_3937.jpg</path>
	<source>
		<database>Unspecified</database>
	</source>
	<size>
		<width>3024</width>
		<height>4032</height>
		<depth>3</depth>
	</size>
	<object>
		<name>Aglonema</name>
		<pose>Unspecified</pose>
		<truncated>Unspecified</truncated>
		<difficult>Unspecified</difficult>
		<bndbox>
			<xmin>220</xmin>
			<ymin>231</ymin>
			<xmax>2878</xmax>
			<ymax>3847</ymax>
		</bndbox>
	</object>
</annotation>