Aglonema,129,33,972,613,1.jpeg,1152,675
Aglonema,97,69,559,602,10.jpeg,700,700
Aglonema,78,751,1529,1437,100.jpeg,1840,4000
Aglonema,87,522,1190,2288,101.jpeg,1840,4000
Aglonema,169,156,1671,2490,102.jpeg,1840,4000
Aglonema,325,348,1465,2307,103.jpeg,1840,4000
Aglonema,105,778,1675,1757,104.jpeg,1840,4000
Aglonema,307,2398,1492,1584,104.jpeg,1840,4000
Aglonema,160,174,1629,2966,105.jpeg,1840,4000
Aglonema,78,2810,1071,1190,105.jpeg,1840,4000
Aglonema,1510,475,1209,832,106.jpeg,4000,1840
Aglonema,32,1062,1803,1648,107.jpeg,1840,4000
Aglonema,802,239,2206,1103,108.jpeg,4000,1840
Aglonema,938,37,902,1364,109.jpeg,1840,4000
Aglonema,362,1657,1382,1108,109.jpeg,1840,4000
Aglonema,23,2920,851,979,109.jpeg,1840,4000
Aglonema,57,104,910,540,11.jpeg,1000,774
Aglonema,224,595,1616,2087,110.jpeg,1840,4000
Aglonema,709,46,751,668,110.jpeg,1840,4000
Aglonema,23,2343,1263,1657,110.jpeg,1840,4000
Aglonema,69,1309,1181,2114,111.jpeg,1840,4000
Aglonema,1245,522,2755,1121,112.jpeg,4000,1840
Aglonema,1440,221,2100,1209,113.jpeg,4000,1840
Aglonema,1758,85,1457,1499,114.jpeg,4000,1840
Aglonema,1670,162,1640,1375,115.jpeg,4000,1840
Aglonema,5,275,1835,1995,116.jpeg,1840,4000
Aglonema,60,686,1780,1904,117.jpeg,1840,4000
Aglonema,197,650,1538,2005,118.jpeg,1840,4000
Aglonema,984,2938,856,1062,118.jpeg,1840,4000
Aglonema,352,1547,1488,2297,119.jpeg,1840,4000
Aglonema,27,17,639,654,12.jpeg,696,695
Aglonema,142,476,1483,2233,120.jpeg,1840,4000
Aglonema,914,91,1398,1622,121.jpeg,4000,1840
Aglonema,947,101,893,870,122.jpeg,1840,4000
Aglonema,554,1419,1286,2572,122.jpeg,1840,4000
Aglonema,60,1574,394,1172,122.jpeg,1840,4000
Aglonema,151,348,1684,3158,123.jpeg,1840,4000
Aglonema,1085,2828,755,1162,123.jpeg,1840,4000
Aglonema,352,577,1428,2563,124.jpeg,1840,4000
Aglonema,234,897,1606,2023,125.jpeg,1840,4000
Aglonema,32,293,449,1501,125.jpeg,1840,4000
Aglonema,124,824,1593,1822,126.jpeg,1840,4000
Aglonema,746,37,1094,833,126.jpeg,1840,4000
Aglonema,169,787,1410,1831,127.jpeg,1840,4000
Aglonema,96,311,1693,2737,128.jpeg,1840,4000
Aglonema,105,366,1629,2517,129.jpeg,1840,4000
Aglonema,32,2352,833,1391,129.jpeg,1840,4000
Aglonema,24,112,369,262,13.jpeg,780,1040
Aglonema,31,433,186,121,13.jpeg,780,1040
Aglonema,45,583,319,433,13.jpeg,780,1040
Aglonema,428,276,352,516,13.jpeg,780,1040
Aglonema,407,109,2460,1369,130.jpeg,4000,1840
Aglonema,2608,38,1392,1664,130.jpeg,4000,1840
Aglonema,35,911,324,637,130.jpeg,4000,1840
Aglonema,105,37,1675,2471,131.jpeg,1840,4000
Aglonema,537,156,2147,1322,132.jpeg,4000,1840
Aglonema,643,309,2100,1145,133.jpeg,4000,1840
Aglonema,997,604,2537,926,134.jpeg,4000,1840
Aglonema,767,73,2065,1552,135.jpeg,4000,1840
Aglonema,1481,121,1593,1705,136.jpeg,4000,1840
Aglonema,261,275,1579,2471,137.jpeg,1840,4000
Aglonema,288,1034,1281,1931,138.jpeg,1840,4000
Aglonema,78,357,1529,2243,139.jpeg,1840,4000
Aglonema,47,22,491,316,14.jpeg,640,360
Aglonema,105,375,1629,2270,140.jpeg,1840,4000
Aglonema,307,2838,1053,1135,140.jpeg,1840,4000
Aglonema,87,1080,1753,1739,141.jpeg,1840,4000
Aglonema,96,540,1620,2270,142.jpeg,1840,4000
Aglonema,224,924,1593,1529,143.jpeg,1840,4000
Aglonema,380,2874,1291,1126,143.jpeg,1840,4000
Aglonema,5,2416,897,1062,144.jpeg,1840,4000
Aglonema,115,842,1437,1840,145.jpeg,1840,4000
Aglonema,324,380,2661,1445,146.jpeg,4000,1840
Aglonema,212,121,2802,1622,147.jpeg,4000,1840
Aglonema,50,796,1483,3204,148.jpeg,1840,4000
Aglonema,1080,20,2389,1687,149.jpeg,4000,1840
Aglonema,7,10,722,337,15.jpeg,744,372
Aglonema,234,1327,1606,1785,150.jpeg,1840,4000
Aglonema,801,3204,1039,796,150.jpeg,1840,4000
Aglonema,426,3405,1414,595,151.jpeg,1840,4000
Aglonema,78,18,1629,2508,152.jpeg,1840,4000
Aglonema,728,2920,1112,1080,152.jpeg,1840,4000
Aglonema,78,37,1762,2133,153.jpeg,1840,4000
Aglonema,105,1739,494,467,154.jpeg,1840,4000
Aglonema,307,1538,1483,1080,155.jpeg,1840,4000
Aglonema,398,604,1442,1803,156.jpeg,1840,4000
Aglonema,243,503,1519,2343,157.jpeg,1840,4000
Aglonema,252,3057,1410,943,157.jpeg,1840,4000
Aglonema,60,595,1693,1849,158.jpeg,1840,4000
Aglonema,179,2700,1574,1300,158.jpeg,1840,4000
Aglonema,151,18,1364,732,159.jpeg,1840,4000
Aglonema,78,586,1584,1712,159.jpeg,1840,4000
Aglonema,38,189,384,290,16.jpeg,512,640
Aglonema,124,668,1716,1675,160.jpeg,1840,4000
Aglonema,997,669,2608,897,161.jpeg,4000,1840
Aglonema,481,906,1245,1501,162.jpeg,1840,4000
Aglonema,124,522,1716,2005,163.jpeg,1840,4000
Aglonema,29,174,3699,1664,164.jpeg,4000,1840
Aglonema,169,449,1501,2307,165.jpeg,1840,4000
Aglonema,124,1034,1593,1693,166.jpeg,1840,4000
Aglonema,133,92,1364,595,166.jpeg,1840,4000
Aglonema,362,796,1410,1062,167.jpeg,1840,4000
Aglonema,69,586,1757,2069,168.jpeg,1840,4000
Aglonema,151,860,1689,1346,169.jpeg,1840,4000
Aglonema,67,59,646,725,17.jpeg,800,800
Aglonema,252,934,1346,1245,170.jpeg,1840,4000
Aglonema,186,762,416,252,171.jpeg,958,1280
Aglonema,142,686,1593,3011,172.jpeg,1840,4000
Aglonema,78,265,1629,2041,173.jpeg,1840,4000
Aglonema,526,2819,1314,1135,173.jpeg,1840,4000
Aglonema,1345,351,950,726,174.jpeg,4000,1840
Aglonema,1086,1537,720,303,174.jpeg,4000,1840
Aglonema,50,824,1712,2371,175.jpeg,1840,4000
Aglonema,224,311,1547,2828,176.jpeg,1840,4000
Aglonema,41,375,1799,1904,177.jpeg,1840,4000
Aglonema,11,47,668,533,178.jpeg,720,1280
Aglonema,10,73,434,436,179.jpeg,958,1280
Aglonema,491,729,448,527,179.jpeg,958,1280
Aglonema,11,40,286,171,18.jpeg,300,300
Aglonema,25,123,923,1134,180.jpeg,958,1280
Aglonema,2,296,929,920,181.jpeg,958,1280
Aglonema,43,228,915,934,182.jpeg,958,1280
Aglonema,107,231,851,896,183.jpeg,958,1280
Aglonema,145,76,732,1116,184.jpeg,958,1280
Aglonema,40,70,779,1084,185.jpeg,958,1280
Aglonema,72,548,363,378,186.jpeg,958,1280
Aglonema,379,817,346,463,186.jpeg,958,1280
Aglonema,482,88,428,363,186.jpeg,958,1280
Aglonema,18,146,575,564,19.jpeg,600,800
Aglonema,34,95,676,487,2.jpeg,807,800
Aglonema,57,47,896,523,20.jpeg,1024,600
Aglonema,88,27,511,419,21.jpeg,620,465
Aglonema,23,69,407,462,22.jpeg,500,750
Aglonema,18,12,202,196,23.jpeg,540,271
Aglonema,241,10,213,176,23.jpeg,540,271
Aglonema,71,50,503,344,24.jpeg,700,394
Aglonema,34,17,568,402,25.jpeg,602,452
Aglonema,64,31,573,459,26.jpeg,666,500
Aglonema,61,175,741,438,27.jpeg,850,850
Aglonema,22,0,682,330,28.jpeg,704,350
Aglonema,121,45,402,253,29.jpeg,600,338
Aglonema,87,17,515,354,3.jpeg,700,393
Aglonema,96,37,604,681,30.jpeg,800,800
Aglonema,77,150,273,228,31.jpeg,375,500
Aglonema,9,10,157,101,31.jpeg,375,500
Aglonema,6,32,570,461,32.jpeg,581,600
Aglonema,90,26,446,390,33.jpeg,750,500
Aglonema,27,28,488,412,34.jpeg,640,640
Aglonema,97,19,577,396,35.jpeg,790,445
Aglonema,65,3,280,195,36.jpeg,400,231
Aglonema,57,26,581,596,37.jpeg,700,700
Aglonema,220,140,744,1024,38.jpeg,1000,1250
Aglonema,30,99,647,573,39.jpeg,700,700
Aglonema,126,88,521,429,4.jpeg,700,700
Aglonema,90,12,492,337,40.jpeg,640,360
Aglonema,42,5,525,341,41.jpeg,586,370
Aglonema,44,59,441,435,42.jpeg,512,640
Aglonema,162,175,800,367,43.jpeg,1024,600
Aglonema,107,82,599,654,44.jpeg,800,800
Aglonema,61,100,318,293,45.jpeg,750,500
Aglonema,424,48,320,255,45.jpeg,750,500
Aglonema,40,105,332,301,46.jpeg,375,500
Aglonema,27,14,625,316,47.jpeg,750,500
Aglonema,134,47,432,346,48.jpeg,700,421
Aglonema,344,80,969,1041,49.jpeg,1600,1200
Aglonema,113,60,606,568,5.jpeg,800,800
Aglonema,83,31,648,681,50.jpeg,800,800
Aglonema,129,16,458,297,51.jpeg,744,372
Aglonema,562,3,182,322,51.jpeg,744,372
Aglonema,15,33,433,259,52.jpeg,700,397
Aglonema,14,100,436,362,53.jpeg,450,600
Aglonema,204,39,274,267,54.jpeg,700,350
Aglonema,56,7,238,149,55.jpeg,318,159
Aglonema,8,59,250,176,56.jpeg,640,640
Aglonema,283,60,165,142,56.jpeg,640,640
Aglonema,483,126,157,274,56.jpeg,640,640
Aglonema,200,209,220,192,56.jpeg,640,640
Aglonema,4,255,198,319,56.jpeg,640,640
Aglonema,216,438,209,202,56.jpeg,640,640
Aglonema,483,425,132,206,56.jpeg,640,640
Aglonema,115,56,467,307,57.jpeg,665,374
Aglonema,14,19,475,336,58.jpeg,500,431
Aglonema,41,53,452,287,59.jpeg,522,477
Aglonema,12,67,325,288,6.jpeg,338,600
Aglonema,157,132,952,1052,60.jpeg,1280,1280
Aglonema,246,79,489,480,61.jpeg,960,1280
Aglonema,25,72,201,236,63.jpeg,240,475
Aglonema,8,7,148,71,64.jpeg,240,427
Aglonema,63,142,172,208,65.jpeg,240,427
Aglonema,47,135,255,235,66.jpeg,320,427
Aglonema,5,7,179,71,67.jpeg,240,427
Aglonema,11,15,229,125,68.jpeg,240,427
Aglonema,16,478,449,244,69.jpeg,480,853
Aglonema,144,182,332,271,69.jpeg,480,853
Aglonema,76,39,607,572,7.jpeg,727,811
Aglonema,10,6,210,121,70.jpeg,240,427
Aglonema,133,12,56,79,71.jpeg,240,427
Aglonema,17,219,132,177,71.jpeg,240,427
Aglonema,31,100,257,272,72.jpeg,320,427
Aglonema,15,114,203,251,73.jpeg,240,427
Aglonema,390,1169,3425,1737,74.jpeg,4032,3024
Aglonema,203,1066,3328,1813,75.jpeg,4032,3024
Aglonema,770,830,2547,2014,76.jpeg,4032,3024
Aglonema,265,789,3557,1571,77.jpeg,4032,3024
Aglonema,507,1225,2976,1515,78.jpeg,4032,3024
Aglonema,245,893,3508,1785,79.jpeg,4032,3024
Aglonema,152,29,330,300,8.jpeg,650,367
Aglonema,328,498,3704,2180,80.jpeg,4032,3024
Aglonema,9,595,2872,2270,81.jpeg,4032,3024
Aglonema,1656,1585,1405,1259,82.jpeg,4032,3024
Aglonema,85,90,3681,2816,83.jpeg,4032,3024
Aglonema,51,118,3356,2713,84.jpeg,4032,3024
Aglonema,134,505,2429,2304,85.jpeg,4032,3024
Aglonema,3019,21,623,637,86.jpeg,4032,3024
Aglonema,2272,21,851,221,87.jpeg,4032,3024
Aglonema,210,1024,2782,1813,88.jpeg,4032,3024
Aglonema,390,581,2643,2000,89.jpeg,4032,3024
Aglonema,8,2,263,177,9.jpeg,275,183
Aglonema,251,1024,3114,1585,90.jpeg,4032,3024
Aglonema,134,215,2028,2484,91.jpeg,4032,3024
Aglonema,438,1017,2879,1612,92.jpeg,4032,3024
Aglonema,435,741,1272,2892,93.jpeg,1840,4000
Aglonema,637,62,3322,1778,94.jpeg,4000,1840
Aglonema,60,485,1730,2297,95.jpeg,1840,4000
Aglonema,105,220,1735,2719,96.jpeg,1840,4000
Aglonema,151,439,1675,2206,97.jpeg,1840,4000
Aglonema,151,705,1629,2014,98.jpeg,1840,4000
Aglonema,224,1272,1556,1831,99.jpeg,1840,4000
Aglonema,193,249,2666,3543,AnyConv.com__IMG_3932.jpg,3024,4032
Aglonema,146,323,2565,3534,AnyConv.com__IMG_3934.jpg,3024,4032
Aglonema,257,932,2722,2731,AnyConv.com__IMG_3935.jpg,3024,4032
Aglonema,137,46,2639,3386,AnyConv.com__IMG_3936.jpg,3024,4032
Aglonema,220,231,2657,3617,AnyConv.com__IMG_3937.jpg,3024,4032
Aglonema,460,941,2528,2473,AnyConv.com__IMG_3938.jpg,3024,4032